{"cameraMode":{"drawMode":0,"name":"Shaded","section":"Shading Mode"},"sceneLighting":true,"audioPlay":false,"sceneViewState":{"m_AlwaysRefresh":false,"showFog":true,"showSkybox":true,"showFlares":true,"showImageEffects":true,"showParticleSystems":true,"showVisualEffectGraphs":true,"m_FxEnabled":true},"in2DMode":false,"pivot":{"x":2.3331310749053957,"y":5.474241256713867,"z":-4.95589542388916},"rotation":{"x":0.28283241391181948,"y":0.02187507599592209,"z":-0.006468447390943766,"w":0.9589436054229736},"size":3.845226287841797,"orthographic":false}